box,vote
box1,gladly
box1,doggie
box1,doggie
box1,gladly
box1,doggie
box1,doggie
box1,doggie
box1,doggie
box1,doggie
box1,doggie
box1,doggie
box1,doggie
box1,gladly
box1,doggie
box1,gladly
box1,doggie
box1,doggie
box1,gladly
box1,doggie
box1,doggie
box1,gladly
box1,doggie
box1,shadow
box1,gladly
box1,doggie
box1,doggie
box1,gladly
box1,gladly
box1,doggie
box1,doggie
box1,doggie
box1,gladly
box1,doggie
box1,doggie
box1,doggie
box1,doggie
box1,gladly
box1,doggie
box1,doggie
box1,gladly
box1,shadow
box1,doggie
box1,doggie
box1,doggie
box1,doggie
box1,gladly
box1,doggie
box1,gladly
box1,doggie
box1,doggie
box1,gladly
box1,shadow
box1,doggie
box1,doggie
box1,gladly
box1,doggie
box1,doggie
box1,shadow
box1,doggie
box1,doggie
box1,doggie
box1,doggie
box1,doggie
box1,doggie
box1,doggie
box1,doggie
box1,gladly
box1,gladly
box1,gladly
box1,doggie
box1,doggie
box1,shadow
box1,doggie
box1,doggie
box1,gladly
box1,shadow
box1,gladly
box1,gladly
box1,doggie
box1,doggie
box1,doggie
box1,gladly
box1,gladly
box1,doggie
box1,doggie
box1,doggie
box1,doggie
box1,gladly
box1,gladly
box1,gladly
box1,gladly
box1,doggie
box1,doggie
box1,shadow
box1,gladly
box1,gladly
box1,doggie
box1,doggie
box1,shadow
box1,gladly
box1,gladly
box1,gladly
box1,doggie
box1,doggie
box1,doggie
box1,doggie
box1,doggie
box1,doggie
box1,doggie
box1,doggie
box1,gladly
box1,doggie
box1,doggie
box1,gladly
box1,doggie
box1,shadow
box1,doggie
box1,doggie
box1,doggie
box1,shadow
box1,doggie
box1,doggie
box1,gladly
box1,gladly
box1,doggie
box1,doggie
box1,doggie
box1,doggie
box1,shadow
box1,shadow
box1,doggie
box1,doggie
box1,shadow
box1,doggie
box1,gladly
box1,gladly
box1,doggie
box1,doggie
box1,gladly
box1,gladly
box1,doggie
box1,doggie
box1,doggie
box2,doggie
box2,gladly
box2,doggie
box2,doggie
box2,doggie
box2,gladly
box2,doggie
box2,gladly
box2,gladly
box2,doggie
box2,doggie
box2,doggie
box2,doggie
box2,gladly
box2,doggie
box2,gladly
box2,shadow
box2,doggie
box2,doggie
box2,doggie
box2,doggie
box2,doggie
box2,doggie
box2,doggie
box2,doggie
box2,doggie
box2,gladly
box2,gladly
box2,doggie
box2,doggie
box2,doggie
box2,shadow
box2,doggie
box2,doggie
box2,shadow
box2,gladly
box2,doggie
box2,doggie
box2,shadow
box2,gladly
box2,doggie
box2,doggie
box2,gladly
box2,doggie
box2,doggie
box2,doggie
box2,doggie
box2,doggie
box2,gladly
box2,shadow
box2,gladly
box2,gladly
box2,doggie
box2,gladly
box2,doggie
box2,gladly
box2,doggie
box2,gladly
box2,doggie
box2,doggie
box2,doggie
box2,shadow
box2,gladly
box2,doggie
box2,doggie
box2,doggie
box2,doggie
box2,doggie
box2,doggie
box2,doggie
box2,gladly
box2,gladly
box2,gladly
box2,doggie
box2,doggie
box2,doggie
box2,doggie
box2,doggie
box2,shadow
box2,doggie
box2,doggie
box2,doggie
box2,doggie
box2,gladly
box2,doggie
box2,gladly
box2,gladly
box2,shadow
box2,doggie
box2,doggie
box2,shadow
box2,doggie
box2,gladly
box2,doggie
box2,doggie
box2,gladly
box2,doggie
box2,doggie
box2,doggie
box2,doggie
box2,doggie
box2,gladly
box2,doggie
box2,doggie
box2,doggie
box2,doggie
box2,doggie
box2,doggie
box2,doggie
box2,shadow
box2,doggie
box2,doggie
box2,gladly
box2,gladly
box2,doggie
box2,doggie
box2,doggie
box2,doggie
box2,gladly
box2,gladly
box2,doggie
box2,doggie
box2,doggie
box2,doggie
box2,doggie
box2,doggie
box2,doggie
box2,doggie
box2,doggie
box2,doggie
box2,gladly
box2,gladly
box2,gladly
box2,doggie
box2,gladly
box2,gladly
box2,gladly
box2,doggie
box2,doggie
box2,gladly
box2,doggie
box2,doggie
box2,shadow
box2,doggie
box2,doggie
box2,doggie
box2,gladly